Reggression,True Error,Training Error
gradient descent,3.460807799744761,8.8593496691562823
standard,1.0015780194571939,0.97169037775154243
ridge,1.0023411544667824,0.97123994509509992
lasso,1.3798899704642325,1.3847367310893577
