Reggression,True Error,Training Error
gradient descent,1.1500050224430798,1.2041295491837836
standard,1.0054400820933267,0.9712356077741493
ridge,1.0024199703866272,0.97128892769338881
lasso,1.3804530472199494,1.3843135380155007
